rebal_date,umap_x,umap_y,regime
2008-01-31,4.0527735,2.0585864,0
2008-02-07,4.0303154,2.1099575,0
2008-02-14,4.058758,2.1259942,0
2008-02-21,3.9824164,2.130115,0
2008-02-28,3.9708972,2.1676486,0
2008-03-07,3.9260695,2.1745925,0
2008-03-14,3.7645009,2.2555823,0
2008-03-25,3.743235,2.2760417,0
2008-04-01,3.7147415,2.2666948,0
2008-04-08,3.643393,2.3380253,0
2008-04-16,3.6436307,2.3168633,0
2008-04-24,3.6257472,2.3091183,0
2008-05-02,3.6105397,2.3018901,0
2008-05-09,3.556865,2.3070724,0
2008-05-16,3.4813228,2.3023667,0
2008-05-26,3.3960116,2.322903,0
2008-06-02,3.250978,2.3525984,0
2008-06-09,3.18444,2.3630898,0
2008-06-16,3.1257339,2.3532608,0
2008-06-23,3.1581385,2.3631372,0
2008-06-30,3.1447322,2.3597407,0
2008-07-07,3.1085887,2.3508897,0
2008-07-14,3.0685403,2.337962,0
2008-07-21,7.7286687,2.4614377,1
2008-07-28,7.920704,2.4371793,1
2008-08-04,7.8084126,2.487186,1
2008-08-11,7.8841023,2.4801023,1
2008-08-19,8.003054,2.4304662,1
2008-08-26,7.9136086,2.4779546,1
2008-09-02,7.837616,2.483222,1
2008-09-10,8.013934,3.0587635,1
2008-09-17,8.032452,3.1519694,1
2008-09-24,7.940811,2.8078299,1
2008-10-01,7.8125877,2.7753134,1
2008-10-10,7.744481,2.5704484,1
2008-10-17,2.6752708,2.0041525,0
2008-10-24,2.587954,2.1707017,0
2008-11-04,2.471865,2.2955697,0
2008-11-11,2.3893323,2.2129338,0
2008-11-19,2.3766031,2.1961253,0
2008-11-26,2.3973246,2.2089508,0
2008-12-03,2.4271924,2.2134426,0
2008-12-11,2.317686,2.209985,0
2008-12-18,2.335377,2.2029293,0
2008-12-26,2.375267,2.2381237,0
2009-01-05,2.2324252,2.127158,0
2009-01-13,2.3860219,1.9440625,0
2009-01-20,2.3448298,2.2589324,0
2009-01-28,2.4896936,2.2150102,0
2009-02-04,2.4961414,2.2371273,0
2009-02-11,2.393893,2.2448857,0
2009-02-18,2.4223297,2.2718685,0
2009-02-26,2.4244623,2.2459219,0
2009-03-05,2.4178832,2.2873175,0
2009-03-16,2.4992273,2.3610063,0
2009-03-23,2.3974698,2.315539,0
2009-03-30,2.4792283,2.2653718,0
2009-04-08,2.5354974,2.2556732,0
2009-04-17,2.5838506,2.252771,0
2009-04-24,2.6441073,1.9865141,0
2009-05-04,2.6401348,1.9947922,0
2009-05-11,7.024404,3.530089,1
2009-05-18,7.7396955,2.5651777,1
2009-05-25,2.0955038,0.8792918,0
2009-06-01,2.017763,0.8355118,0
2009-06-08,2.0671225,0.8597737,0
2009-06-15,2.252555,0.9533142,0
2009-06-22,2.3054643,0.9230361,0
2009-06-29,2.5551193,0.8070698,0
2009-07-06,2.520339,0.84096116,0
2009-07-13,2.5511646,0.8816489,0
2009-07-20,2.4422612,0.83624476,0
2009-07-27,2.4632287,0.82822347,0
2009-08-03,2.5325232,0.8006273,0
2009-08-10,2.3119116,0.9032174,0
2009-08-17,2.216793,0.9816206,0
2009-08-24,2.1845717,1.002027,0
2009-08-31,2.1763966,0.94034904,0
2009-09-07,2.1742134,0.957635,0
2009-09-14,2.1841598,0.98927015,0
2009-09-22,2.1962986,1.0040352,0
2009-09-30,2.248877,0.976893,0
2009-10-08,2.2567644,0.97547567,0
2009-10-15,2.1947467,1.0027231,0
2009-10-23,2.218128,1.0194327,0
2009-10-30,2.0318534,0.8402226,0
2009-11-09,2.0166605,0.83418757,0
2009-11-16,8.144878,2.3483925,1
2009-11-23,8.197312,2.3741925,1
2009-11-30,7.119775,3.5539243,1
2009-12-07,8.440166,2.2277098,1
2009-12-14,8.293261,2.3188703,1
2009-12-21,8.486392,2.2209384,1
2009-12-30,8.46405,2.2142045,1
2010-01-07,9.501363,2.4494407,1
2010-01-14,9.688334,2.5042653,1
2010-01-21,9.93119,2.5471487,1
2010-01-29,9.717887,2.7276132,1
2010-02-05,9.666103,2.605892,1
2010-02-15,9.684771,2.7996736,1
2010-02-22,9.689432,2.8055742,1
2010-03-02,9.651,2.8389168,1
2010-03-09,9.847643,2.642184,1
2010-03-16,9.975568,2.5148659,1
2010-03-23,10.030971,2.516588,1
2010-03-31,9.803736,2.803249,1
2010-04-08,9.85251,2.686476,1
2010-04-16,9.919391,2.7143624,1
2010-04-23,9.139918,2.9044685,1
2010-04-30,9.9967165,2.7234123,1
2010-05-07,10.113891,2.6950924,1
2010-05-14,10.10291,2.702564,1
2010-05-21,10.543789,2.6704023,1
2010-05-28,10.253494,2.7906904,1
2010-06-04,10.147258,3.291046,1
2010-06-11,9.865223,3.38033,1
2010-06-18,9.390262,3.6817255,1
2010-06-25,15.251095,-0.97115546,2
2010-07-02,15.248057,-0.9621329,2
2010-07-09,15.264636,-0.9717247,2
2010-07-16,15.248361,-0.9724935,2
2010-07-23,15.248757,-0.9666862,2
2010-07-30,15.247785,-0.9779446,2
2010-08-06,15.22793,-0.99144,2
2010-08-13,15.250181,-0.98749757,2
2010-08-20,-8.323739,1.8591076,0
2010-08-27,-8.29191,1.8908844,0
2010-09-03,-8.343434,1.8391342,0
2010-09-13,-8.354189,1.8283145,0
2010-09-20,-8.351385,1.83108,0
2010-09-27,-8.355607,1.826822,0
2010-10-04,-8.371091,1.811328,0
2010-10-11,-8.372569,1.8099003,0
2010-10-18,-8.347287,1.8353763,0
2010-10-25,-8.347917,1.8347552,0
2010-11-01,-8.339734,1.8430691,0
2010-11-09,-8.332644,1.8502511,0
2010-11-16,-8.318199,1.8650655,0
2010-11-24,-8.317254,1.865999,0
2010-12-01,-8.306127,1.8771733,0
2010-12-08,-8.333267,1.8500137,0
2010-12-15,15.071552,-0.16745597,2
2010-12-23,15.112163,-0.21355227,2
2010-12-30,15.120459,-0.21092576,2
2011-01-06,15.112636,-0.21136557,2
2011-01-13,15.125927,-0.22977242,2
2011-01-20,15.136514,-0.23457156,2
2011-01-28,15.1192875,-0.23564534,2
2011-02-04,15.133174,-0.23986481,2
2011-02-11,8.758104,4.726334,1
2011-02-18,8.654377,4.5878525,1
2011-02-25,8.630973,4.5340843,1
2011-03-07,8.579072,4.2952337,1
2011-03-14,8.730169,4.2334003,1
2011-03-21,8.564295,4.0534353,1
2011-03-28,8.737572,4.3117723,1
2011-04-04,8.647032,4.400652,1
2011-04-11,8.75379,4.384589,1
2011-04-20,8.810479,4.3177414,1
2011-04-28,8.754643,4.3473783,1
2011-05-05,8.72664,4.3685913,1
2011-05-12,8.847463,4.261714,1
2011-05-19,8.888105,4.3154526,1
2011-05-26,8.592806,4.2342525,1
2011-06-02,8.625974,4.265432,1
2011-06-09,8.9813795,4.233415,1
2011-06-16,8.899883,4.34627,1
2011-06-23,8.97883,4.3334374,1
2011-06-30,8.844403,4.3952985,1
2011-07-07,8.939865,4.3185506,1
2011-07-14,8.950424,4.2909503,1
2011-07-21,8.377584,2.8865135,1
2011-07-28,8.220556,3.0486162,1
2011-08-04,8.620796,4.293366,1
2011-08-11,8.508768,4.226011,1
2011-08-19,8.444652,4.085211,1
2011-08-26,8.092292,3.2212753,1
2011-09-06,8.348113,2.9254055,1
2011-09-13,8.403213,2.887877,1
2011-09-20,8.37899,2.9043865,1
2011-09-27,8.477271,2.9117117,1
2011-10-04,8.866057,2.0801861,1
2011-10-12,8.88869,2.024671,1
2011-10-19,8.898813,2.0380409,1
2011-10-28,8.90997,2.0934565,1
2011-11-04,9.192201,2.1851082,1
2011-11-15,9.0752535,2.1449666,1
2011-11-22,8.95996,2.1176279,1
2011-11-29,8.677131,2.186962,1
2011-12-07,8.700839,2.1755166,1
2011-12-14,8.457025,2.268469,1
2011-12-21,8.419987,2.288759,1
2011-12-28,8.71143,2.186338,1
2012-01-04,8.637956,2.2041788,1
2012-01-11,8.773577,2.1100993,1
2012-01-18,8.750051,2.1721475,1
2012-01-25,8.834199,2.09921,1
2012-02-02,8.827351,2.0702384,1
2012-02-09,8.835262,2.0473318,1
2012-02-16,8.913086,2.0288353,1
2012-02-24,9.291543,2.224075,1
2012-03-02,9.024396,2.1927793,1
2012-03-12,8.975016,2.341263,1
2012-03-19,9.03657,2.8857856,1
2012-03-26,8.34563,2.9067042,1
2012-04-02,9.780983,2.3690977,1
2012-04-11,10.125697,2.3933868,1
2012-04-18,10.143061,2.3801825,1
2012-04-25,10.110781,2.3667922,1
2012-05-03,9.873879,2.3319862,1
2012-05-10,10.106528,2.3587081,1
2012-05-17,10.392581,2.4262247,1
2012-05-24,10.5965805,2.5623379,1
2012-05-31,13.115867,2.589151,2
2012-06-07,10.483991,2.4631698,1
2012-06-14,13.154546,2.579245,2
2012-06-21,13.145026,2.5371287,2
2012-06-28,13.142549,2.5314875,2
2012-07-05,13.105824,2.5236404,2
2012-07-12,13.133494,2.5703518,2
2012-07-19,13.107893,2.6061244,2
2012-07-26,10.50376,2.505565,1
2012-08-02,10.56204,2.5657783,1
2012-08-09,10.727699,2.6112423,1
2012-08-17,11.004976,2.919897,1
2012-08-27,11.0559845,2.9718993,1
2012-09-03,11.002909,2.9381692,1
2012-09-10,11.029541,2.987617,1
2012-09-17,11.129686,2.946138,1
2012-09-25,11.018137,3.0054135,1
2012-10-03,13.433776,3.2038867,2
2012-10-10,13.838879,3.078802,2
2012-10-17,13.869655,3.0897255,2
2012-10-25,13.862489,3.0456798,2
2012-11-02,13.744233,3.1449342,2
2012-11-09,13.661684,3.149981,2
2012-11-20,13.825476,3.1426146,2
2012-11-27,14.154839,3.177301,2
2012-12-05,17.070337,4.4986596,2
2012-12-12,17.034534,4.547107,2
2012-12-19,17.069813,4.544249,2
2012-12-27,16.971289,4.565405,2
2013-01-03,17.016794,4.535274,2
2013-01-10,17.227957,4.2984695,2
2013-01-17,17.172485,4.4268885,2
2013-01-24,17.059448,4.5392184,2
2013-01-31,14.01367,3.1395602,2
2013-02-07,17.02976,4.543343,2
2013-02-14,14.999024,3.418114,2
2013-02-21,15.134776,3.4408462,2
2013-02-28,13.972745,3.155735,2
2013-03-07,13.996812,3.1846457,2
2013-03-14,13.938124,3.0059655,2
2013-03-21,13.962001,3.0510375,2
2013-04-01,13.452121,4.1413975,2
2013-04-08,13.424862,4.1545234,2
2013-04-15,13.375,4.1042776,2
2013-04-23,13.321089,4.079174,2
2013-05-02,13.508942,3.4989924,2
2013-05-09,13.443654,3.3745337,2
2013-05-16,13.323535,3.3777435,2
2013-05-23,13.457246,3.5038042,2
2013-05-30,13.67271,3.6101258,2
2013-06-06,13.665511,3.6044896,2
2013-06-13,13.702431,3.6379218,2
2013-06-20,13.674953,3.6367993,2
2013-06-27,13.699105,3.6460133,2
2013-07-04,13.600378,3.6815028,2
2013-07-11,13.428486,3.6498287,2
2013-07-18,13.085138,3.7835536,2
2013-07-25,13.070851,3.763467,2
2013-08-01,10.7488165,2.689704,1
2013-08-08,10.414481,2.4724033,1
2013-08-19,10.363711,2.6227074,1
2013-08-26,9.489829,3.2060506,1
2013-09-02,9.261537,3.633734,1
2013-09-10,9.20849,3.857437,1
2013-09-17,9.227697,3.7583525,1
2013-09-24,7.114144,3.5734,1
2013-10-01,7.1206503,3.5713863,1
2013-10-09,7.0888777,3.6054406,1
2013-10-17,7.089327,3.6170115,1
2013-10-24,7.1261106,3.7237887,1
2013-10-31,7.1004176,3.711098,1
2013-11-08,7.097921,3.8367527,1
2013-11-18,7.1092086,4.011802,1
2013-11-25,7.111536,4.590685,1
2013-12-02,7.088204,4.6017833,1
2013-12-09,7.12608,4.6285987,1
2013-12-16,7.1275697,4.626596,1
2013-12-23,7.09318,4.591351,1
2013-12-31,7.183267,4.614132,1
2014-01-07,7.1593704,4.6660852,1
2014-01-14,7.4694285,4.5877347,1
2014-01-21,7.4987545,4.4892435,1
2014-01-28,7.169931,4.535626,1
2014-02-04,7.8088827,2.770867,1
2014-02-11,8.4977455,2.457275,1
2014-02-18,11.1987505,3.2733073,1
2014-02-25,11.09083,3.0758593,1
2014-03-05,12.811191,3.032269,2
2014-03-12,12.750531,3.0793846,2
2014-03-20,12.792701,3.834395,2
2014-03-27,12.850584,4.0440893,2
2014-04-03,13.971664,2.5737457,2
2014-04-11,13.910013,2.5471332,2
2014-04-22,13.872418,2.5696871,2
2014-04-29,14.099051,2.4548974,2
2014-05-07,14.180969,2.3986554,2
2014-05-14,13.853108,2.576291,2
2014-05-21,13.566786,2.681317,2
2014-05-28,13.27602,3.3273652,2
2014-06-04,13.810416,2.6025124,2
2014-06-11,13.739905,2.729152,2
2014-06-18,13.7305355,2.7856295,2
2014-06-25,14.836633,0.14415415,2
2014-07-02,14.834999,0.13659562,2
2014-07-09,14.896211,0.06005709,2
2014-07-16,14.892718,0.05995087,2
2014-07-23,14.856411,0.098635055,2
2014-07-31,14.888014,0.06616341,2
2014-08-07,14.881786,0.08076682,2
2014-08-14,14.902405,0.047633696,2
2014-08-22,14.941894,0.001144322,2
2014-09-01,14.935068,0.012371566,2
2014-09-08,14.9598875,-0.021947863,2
2014-09-15,14.971297,-0.039081223,2
2014-09-22,14.983435,-0.053092208,2
2014-09-29,12.197848,2.9566066,2
2014-10-09,12.211014,3.0005348,2
2014-10-16,12.266538,2.860828,2
2014-10-27,12.123451,2.7589638,2
2014-11-03,12.31666,2.870526,2
2014-11-12,12.137262,2.8017511,2
2014-11-19,13.821497,2.5789437,2
2014-11-26,12.831165,3.3328578,2
2014-12-03,13.387838,3.0594962,2
2014-12-10,13.32918,3.0968082,2
2014-12-17,13.757728,2.7509208,2
2014-12-24,13.57449,2.9416122,2
2015-01-01,13.536233,2.9502861,2
2015-01-08,13.376176,3.0636864,2
2015-01-15,13.368608,3.099405,2
2015-01-22,13.333323,3.0943048,2
2015-01-30,13.460206,3.2472854,2
2015-02-06,13.426254,3.285474,2
2015-02-13,13.3655615,3.294411,2
2015-02-23,13.396078,3.2599912,2
2015-03-02,13.195778,3.4160047,2
2015-03-10,13.162413,3.4119847,2
2015-03-17,12.917891,3.8140783,2
2015-03-24,12.88296,3.927627,2
2015-03-31,12.773158,4.179908,2
2015-04-09,12.457019,4.628879,2
2015-04-17,12.590155,4.4620495,2
2015-04-24,12.738588,4.700575,2
2015-05-04,12.828108,4.709917,2
2015-05-11,12.77927,4.7346473,2
2015-05-18,12.762599,4.743747,2
2015-05-25,12.8048315,4.745573,2
2015-06-01,12.423441,4.4242268,2
2015-06-08,12.371463,4.8417907,2
2015-06-15,12.4139805,5.019956,2
2015-06-22,12.41751,5.1670475,2
2015-06-29,12.458964,5.0794086,2
2015-07-06,12.479662,5.0939493,2
2015-07-13,12.506837,5.0962143,2
2015-07-20,12.513432,5.076205,2
2015-07-27,12.513714,4.745476,2
2015-08-03,12.404526,4.8600993,2
2015-08-10,12.419909,5.0788865,2
2015-08-17,12.329621,4.7719173,2
2015-08-24,12.179254,4.820372,2
2015-08-31,7.770385,4.325926,1
2015-09-07,7.7048373,4.397432,1
2015-09-14,7.48846,4.570909,1
2015-09-22,7.7072067,4.486182,1
2015-09-30,7.705801,4.447853,1
2015-10-08,8.146392,3.028007,1
2015-10-15,8.193777,3.0102375,1
2015-10-23,8.151679,3.062353,1
2015-10-30,8.077726,3.1207757,1
2015-11-06,8.090699,3.6701176,1
2015-11-17,8.178669,3.7265894,1
2015-11-24,8.16248,3.4947615,1
2015-12-02,8.059758,3.655917,1
2015-12-09,8.25954,3.7648187,1
2015-12-16,8.054927,3.680323,1
2015-12-23,8.064802,3.6920722,1
2015-12-31,8.215043,3.8370523,1
2016-01-07,8.484276,4.523438,1
2016-01-14,8.061634,3.6567214,1
2016-01-21,8.030584,3.669959,1
2016-01-29,8.200028,3.68096,1
2016-02-05,8.179107,4.2479553,1
2016-02-12,8.181754,4.0409575,1
2016-02-19,9.093027,4.153995,1
2016-02-26,8.325887,3.7700715,1
2016-03-04,8.070146,3.7728782,1
2016-03-14,7.646441,4.3203816,1
2016-03-21,11.6443615,3.2653792,2
2016-03-30,8.129836,3.7453222,1
2016-04-06,11.573205,3.201596,2
2016-04-13,8.253049,3.7717896,1
2016-04-25,8.203417,3.7626538,1
2016-05-02,8.221049,3.7874799,1
2016-05-09,8.1345,4.8368506,1
2016-05-16,8.050052,5.1855392,1
2016-05-23,8.010649,5.307636,1
2016-05-30,7.854004,5.3917503,1
2016-06-06,7.956124,5.780307,1
2016-06-13,8.122318,5.8803034,1
2016-06-20,8.125136,5.82651,1
2016-06-27,8.187351,5.658747,1
2016-07-04,8.236654,5.9014225,1
2016-07-12,8.413716,5.9081798,1
2016-07-19,9.240075,6.4533024,1
2016-07-26,9.33578,6.476636,1
2016-08-02,9.691052,6.3994784,1
2016-08-09,10.108328,6.2710223,1
2016-08-17,13.854625,4.725245,2
2016-08-24,14.018862,4.9724646,2
2016-08-31,13.81795,4.7133374,2
2016-09-08,13.7628975,4.7008615,2
2016-09-16,13.694088,4.4878654,2
2016-09-23,13.799995,4.56642,2
2016-09-30,14.039802,4.66206,2
2016-10-07,14.081136,4.7076263,2
2016-10-18,13.617592,5.931073,2
2016-10-25,13.581757,6.0284925,2
2016-11-02,13.761671,5.590252,2
2016-11-09,13.861774,5.389949,2
2016-11-17,13.469346,6.3523574,2
2016-11-24,13.49274,6.4645905,2
2016-12-01,11.633069,3.7730644,2
2016-12-08,11.634435,3.7314193,2
2016-12-15,11.611662,3.7060955,2
2016-12-22,11.712181,3.7092175,2
2016-12-29,11.660503,3.7388248,2
2017-01-05,11.579991,3.6157222,2
2017-01-12,11.544127,3.4843862,2
2017-01-19,11.498707,3.5576758,2
2017-01-27,11.483902,3.5636337,2
2017-02-03,11.469736,3.5743368,2
2017-02-10,11.570277,3.3166604,2
2017-02-17,11.569418,3.2702892,2
2017-02-27,11.650767,3.3245723,2
2017-03-06,11.647578,3.3072393,2
2017-03-14,11.77995,3.3616078,2
2017-03-21,11.980903,3.3438034,2
2017-03-28,12.41988,3.2512658,2
2017-04-05,12.334935,3.3615966,2
2017-04-12,13.560785,3.4082456,2
2017-04-20,13.172774,3.3162646,2
2017-04-27,12.962837,3.3042195,2
2017-05-05,13.067021,3.3445387,2
2017-05-12,15.231811,4.685169,2
2017-05-19,16.528399,4.256758,2
2017-05-26,16.518486,4.242239,2
2017-06-02,16.608042,4.2798715,2
2017-06-09,16.535725,4.245707,2
2017-06-16,16.55259,4.2013345,2
2017-06-23,16.510324,4.214939,2
2017-07-03,16.522459,4.213023,2
2017-07-10,16.558802,4.20281,2
2017-07-17,16.50983,4.221303,2
2017-07-24,17.122004,4.0146613,2
2017-07-31,17.015587,3.9571497,2
2017-08-07,16.976849,3.9486043,2
2017-08-14,16.870777,3.9288287,2
2017-08-22,17.067316,4.039589,2
2017-08-30,15.936845,3.7999444,2
2017-09-06,15.920696,3.7672102,2
2017-09-13,15.932769,3.7774818,2
2017-09-20,15.797449,3.6092257,2
2017-09-27,15.636724,3.565137,2
2017-10-05,15.913766,3.7551453,2
2017-10-12,15.895418,3.7754335,2
2017-10-19,15.807569,3.644528,2
2017-10-27,15.798303,3.611973,2
2017-11-03,15.720997,3.722152,2
2017-11-10,15.958167,3.7975223,2
2017-11-17,15.982008,3.8660452,2
2017-11-24,15.728807,3.5688322,2
2017-12-01,15.69766,3.5396948,2
2017-12-08,15.69037,3.5225823,2
2017-12-15,15.441157,3.5963936,2
2017-12-22,15.446752,3.57056,2
2018-01-01,15.492463,3.5507624,2
2018-01-08,15.586216,3.5323727,2
2018-01-15,15.587166,3.5443082,2
2018-01-22,15.415696,3.6143322,2
2018-01-30,15.607125,3.8721156,2
2018-02-06,15.432459,3.6036026,2
2018-02-14,15.208708,3.9585304,2
2018-02-21,15.337924,3.8292477,2
2018-02-28,14.995272,4.1760235,2
2018-03-08,14.820883,4.3658857,2
2018-03-15,14.7565565,4.484605,2
2018-03-22,14.841372,4.538275,2
2018-04-02,14.765298,4.498328,2
2018-04-09,13.799108,4.419961,2
2018-04-16,14.503368,4.3351583,2
2018-04-23,14.049194,4.8980613,2
2018-04-30,14.151504,5.0843573,2
2018-05-08,14.028204,4.924073,2
2018-05-15,14.049997,4.9367456,2
2018-05-22,14.03372,4.803568,2
2018-05-29,14.186718,4.492007,2
2018-06-05,15.13996,4.59065,2
2018-06-12,15.167304,4.623633,2
2018-06-19,15.220564,4.695765,2
2018-06-26,15.248927,4.6694317,2
2018-07-03,15.152672,4.7272468,2
2018-07-10,15.191101,4.7262206,2
2018-07-17,15.234431,4.704283,2
2018-07-24,14.739051,4.509365,2
2018-07-31,14.259404,5.0425997,2
2018-08-07,16.09807,4.1312704,2
2018-08-14,16.022364,4.018945,2
2018-08-23,16.018764,3.9525795,2
2018-08-30,16.059078,3.9974089,2
2018-09-06,16.02247,3.932925,2
2018-09-14,16.042545,3.957937,2
2018-09-24,16.138327,4.1334524,2
2018-10-01,15.566092,4.3976693,2
2018-10-09,13.894079,7.7599883,2
2018-10-16,13.878958,7.74636,2
2018-10-24,13.906499,7.776215,2
2018-10-31,13.891239,7.7627425,2
2018-11-07,13.877357,7.7421045,2
2018-11-15,13.85182,7.7112856,2
2018-11-22,13.814709,7.66022,2
2018-11-30,13.812757,7.652798,2
2018-12-07,13.764125,7.5786,2
2018-12-14,13.716417,7.50102,2
2018-12-21,13.727359,7.520568,2
2018-12-31,13.714064,7.4943104,2
2019-01-07,13.677002,7.4200997,2
2019-01-14,13.675137,7.4078918,2
2019-01-21,13.654398,7.3270426,2
2019-01-28,13.637265,7.3068643,2
2019-02-04,13.626077,7.268457,2
2019-02-11,13.599934,7.1695657,2
2019-02-19,13.570112,6.975766,2
2019-02-26,13.571931,6.984326,2
2019-03-06,13.57065,6.978196,2
2019-03-13,13.553768,6.954348,2
2019-03-20,13.563444,6.943793,2
2019-03-28,13.533352,6.820576,2
2019-04-05,14.095409,5.168592,2
2019-04-12,14.111834,5.160021,2
2019-04-23,13.870618,5.284547,2
2019-05-02,14.174842,5.110114,2
2019-05-09,14.190668,5.1399693,2
2019-05-16,14.120395,5.159261,2
2019-05-23,14.209403,4.1409364,2
2019-05-30,14.213625,4.1192694,2
2019-06-07,14.201804,4.0969334,2
2019-06-14,14.159692,4.651971,2
2019-06-21,14.314657,3.9843948,2
2019-06-28,14.3342,3.975445,2
2019-07-05,14.440994,3.9747756,2
2019-07-12,14.239555,3.9884431,2
2019-07-19,14.157032,3.9186943,2
2019-07-26,13.31426,3.4234762,2
2019-08-02,12.205948,4.0976067,2
2019-08-09,12.128529,3.872533,2
2019-08-20,12.406102,3.6357858,2
2019-08-27,12.399751,3.424351,2
2019-09-04,12.793047,3.3094862,2
2019-09-12,12.553758,3.2889638,2
2019-09-19,12.78008,3.3140347,2
2019-09-26,10.559955,2.5967407,1
2019-10-04,11.261462,2.4731615,1
2019-10-14,11.280248,2.472812,1
2019-10-22,11.28317,2.473493,1
2019-10-29,11.2857,2.4632423,1
2019-11-05,11.302594,2.4578116,1
2019-11-13,11.29806,2.461427,1
2019-11-20,11.532739,2.4451413,2
2019-11-27,11.585158,2.4455967,2
2019-12-04,11.544406,2.442958,2
2019-12-11,11.62574,2.45523,2
2019-12-18,11.724238,2.5113623,2
2019-12-26,11.72134,2.5032516,2
2020-01-02,11.737186,2.4968412,2
2020-01-09,11.882691,2.5590863,2
2020-01-16,11.911913,2.562395,2
2020-01-23,11.957602,2.6092439,2
2020-01-30,12.100216,2.7326176,2
2020-02-06,11.58764,3.176479,2
2020-02-13,11.513965,3.183215,2
2020-02-20,11.565412,3.205481,2
2020-02-28,11.58446,3.2062201,2
2020-03-06,8.4509735,3.3844337,1
2020-03-16,7.997816,2.3529203,1
2020-03-23,2.7487159,0.78597695,0
2020-03-30,-0.12582655,-0.43572643,0
2020-04-08,-0.01895468,-0.3222648,0
2020-04-17,-0.022633204,-0.32581094,0
2020-04-24,-0.055069808,-0.35333398,0
2020-05-04,-0.01751816,-0.32025844,0
2020-05-11,-0.042265825,-0.34492293,0
2020-05-18,-0.020971041,-0.32410157,0
2020-05-26,-0.05172742,-0.35904175,0
2020-06-02,-0.02932301,-0.33256418,0
2020-06-09,-0.12832506,-0.44042906,0
2020-06-16,-0.13653713,-0.4496919,0
2020-06-23,-0.13983048,-0.45149556,0
2020-06-30,-0.15037599,-0.4650302,0
2020-07-07,-0.17294389,-0.49747515,0
2020-07-14,-0.18188387,-0.5085283,0
2020-07-21,-0.20277107,-0.52930456,0
2020-07-28,-0.17147903,-0.48940265,0
2020-08-04,-0.28133953,-0.6672215,0
2020-08-11,-0.27417102,-0.6594589,0
2020-08-18,-0.2874736,-0.67937106,0
2020-08-25,-0.27674574,-0.66341245,0
2020-09-01,-0.29211652,-0.6855066,0
2020-09-08,2.653945,0.79820836,0
2020-09-15,3.323429,1.1254448,0
2020-09-22,3.9607606,1.8588374,0
2020-09-29,8.019683,3.4065762,1
2020-10-07,8.047039,3.6472247,1
2020-10-14,7.709462,4.232496,1
2020-10-21,7.5384536,4.6712465,1
2020-10-28,9.336533,5.818075,1
2020-11-04,9.42489,5.81733,1
2020-11-11,9.398227,5.8103976,1
2020-11-18,9.6534605,5.9316583,1
2020-11-25,9.731235,6.057799,1
2020-12-03,10.090714,6.2424965,1
2020-12-10,10.104346,6.2360435,1
2020-12-17,10.144177,6.2501,1
2020-12-24,9.506605,5.9884953,1
2021-01-01,9.518283,5.9802365,1
2021-01-08,9.540221,5.982711,1
2021-01-15,9.817701,6.1661725,1
2021-01-22,9.505697,6.0896263,1
2021-02-01,9.003432,5.6682796,1
2021-02-08,8.465157,4.877435,1
2021-02-15,8.457437,4.8981733,1
2021-02-22,8.426232,4.9812875,1
2021-03-01,8.642883,4.6507096,1
2021-03-08,8.695864,4.559783,1
2021-03-16,8.6394415,4.714606,1
2021-03-23,10.57759,6.5731316,1
2021-03-31,9.281434,6.5416403,1
2021-04-08,9.253103,6.5166526,1
2021-04-16,7.4168057,5.9481125,1
2021-04-26,7.391767,5.9727707,1
2021-05-03,7.3340816,5.9471636,1
2021-05-10,7.3974767,5.97487,1
2021-05-18,7.386618,5.967281,1
2021-05-25,7.3685827,5.9875665,1
2021-06-01,7.450937,5.9309244,1
2021-06-08,7.443571,5.8820543,1
2021-06-15,7.3711486,5.970785,1
2021-06-22,7.5375133,5.20957,1
2021-06-29,7.533298,5.2329674,1
2021-07-06,7.548716,5.2232976,1
2021-07-13,7.487619,5.1402993,1
2021-07-20,7.48482,5.13696,1
2021-07-28,7.4736476,5.095788,1
2021-08-04,7.5630455,5.2220016,1
2021-08-11,7.553902,5.216191,1
2021-08-18,7.7478895,5.381803,1
2021-08-26,9.113699,4.2670493,1
2021-09-02,9.247798,3.875952,1
2021-09-09,9.227771,4.0750046,1
2021-09-17,12.460312,4.4637995,2
2021-09-24,12.621877,3.834172,2
2021-10-01,16.970455,4.5651317,2
2021-10-08,15.321712,3.590485,2
2021-10-18,15.184342,3.46887,2
2021-10-25,15.181094,3.4225023,2
2021-11-01,17.153662,4.120763,2
2021-11-09,17.23264,4.4614296,2
2021-11-16,17.27894,4.3313627,2
2021-11-24,17.355837,4.5615377,2
2021-12-01,15.082765,4.7628098,2
2021-12-08,12.275978,5.436425,2
2021-12-15,12.3868475,5.28717,2
2021-12-22,10.432991,6.44142,1
2021-12-29,10.424065,6.4498067,1
2022-01-05,9.714135,5.9225707,1
2022-01-12,9.654623,5.8570166,1
2022-01-19,9.778119,5.85609,1
2022-01-27,9.048306,5.389279,1
2022-02-03,9.008074,5.7083898,1
2022-02-10,9.050188,5.772631,1
2022-02-17,7.871246,5.6730194,1
2022-02-24,7.8643947,5.5310955,1
2022-03-04,3.9551392,1.8707194,0
2022-03-11,3.9585483,1.8791963,0
2022-03-21,3.9556782,1.8355281,0
2022-03-28,3.9901695,1.8910235,0
2022-04-04,4.024822,1.829819,0
2022-04-11,4.017027,1.946688,0
2022-04-20,4.0155997,1.9047754,0
2022-04-27,4.037017,1.914905,0
2022-05-05,3.938453,1.8309139,0
2022-05-12,3.367617,1.086483,0
2022-05-19,3.3240147,1.0637512,0
2022-05-26,3.1585393,0.92231107,0
2022-06-02,3.314552,1.0266908,0
2022-06-09,3.3326101,1.0528401,0
2022-06-16,3.2455502,0.9410108,0
2022-06-23,2.9654405,0.81922257,0
2022-06-30,2.913144,0.80323195,0
2022-07-07,2.948721,0.81488836,0
2022-07-14,3.023461,0.84088326,0
2022-07-21,3.0674427,0.8438528,0
2022-07-28,2.9445636,0.80604404,0
2022-08-04,3.2415295,0.88886815,0
2022-08-12,3.2706382,0.9134598,0
2022-08-22,3.279129,0.89566153,0
2022-08-29,7.2904005,8.670783,3
2022-09-06,7.4380627,7.5255113,3
2022-09-13,7.455988,7.4863462,3
2022-09-20,7.4460654,7.5030575,3
2022-09-27,7.4404216,7.5300255,3
2022-10-04,7.426872,7.560127,3
2022-10-12,7.318314,8.523552,3
2022-10-19,7.305623,8.631723,3
2022-10-27,7.3033447,8.680897,3
2022-11-03,7.296846,8.67762,3
2022-11-11,7.3061514,8.694281,3
2022-11-18,7.3298655,8.807412,3
2022-11-25,7.3098407,8.745059,3
2022-12-02,7.287411,8.685157,3
2022-12-09,7.5231047,7.2945848,3
2022-12-16,7.3140335,8.970997,3
2022-12-23,7.3682704,8.999964,3
2022-12-30,7.5296173,7.2761774,3
2023-01-06,7.510401,7.3346305,3
2023-01-13,7.5002246,7.335849,3
2023-01-20,7.5792484,7.0736647,3
2023-01-30,6.58788,10.698277,3
2023-02-06,6.5368104,10.769988,3
2023-02-13,6.543483,10.779664,3
2023-02-20,6.517934,10.8313,3
2023-02-27,6.4733205,11.033236,3
2023-03-06,6.5207095,10.91896,3
2023-03-14,6.4774437,11.027433,3
2023-03-21,6.437901,11.270926,3
2023-03-28,6.4167767,11.262079,3
2023-04-06,6.3855324,11.33731,3
2023-04-17,6.376651,11.339305,3
2023-04-24,6.3790355,11.377104,3
2023-05-02,6.3805537,11.386987,3
2023-05-09,6.355704,11.40897,3
2023-05-16,6.3525047,11.410831,3
2023-05-23,6.366614,11.386165,3
2023-05-30,6.353784,11.406499,3
2023-06-06,6.3620734,11.398589,3
2023-06-13,6.350599,11.4067135,3
2023-06-20,6.350711,11.417051,3
2023-06-27,6.332264,11.438262,3
2023-07-05,17.143898,4.443992,2
2023-07-12,17.266754,4.2705035,2
2023-07-19,17.246761,4.1365185,2
2023-07-26,17.226425,4.0813212,2
2023-08-02,17.198507,4.083356,2
2023-08-09,17.15495,4.0415573,2
2023-08-17,17.30029,4.0443244,2
2023-08-24,17.327515,4.0856752,2
2023-08-31,17.309883,4.0464134,2
2023-09-07,17.356272,4.121861,2
2023-09-14,17.377556,4.120743,2
2023-09-22,17.415705,4.1278343,2
2023-09-29,17.446959,4.202429,2
2023-10-09,17.909676,4.5882287,2
2023-10-16,18.10563,4.6392007,2
2023-10-23,18.020508,4.599932,2
2023-10-31,18.164001,4.6812887,2
2023-11-07,18.185892,4.699366,2
2023-11-15,18.174456,4.6889253,2
2023-11-22,18.165018,4.6810656,2
2023-11-30,18.164206,4.678882,2
2023-12-07,18.16624,4.67972,2
2023-12-14,18.165283,4.6787777,2
2023-12-21,12.298592,5.3956556,2
2023-12-29,12.2499275,5.446758,2
2024-01-05,12.246548,5.4547887,2
2024-01-12,12.225981,5.4780617,2
2024-01-19,12.204288,5.480601,2
2024-01-30,10.55437,6.553774,1
2024-02-06,10.283528,6.386021,1
2024-02-13,10.229179,6.3646894,1
2024-02-20,10.613492,6.600762,1
2024-02-27,10.648126,6.623206,1
2024-03-05,10.677681,6.645594,1
2024-03-13,10.636385,6.6178703,1
2024-03-20,10.634175,6.616948,1
2024-03-28,10.187875,6.1998167,1
2024-04-05,10.132365,6.2684426,1
2024-04-15,10.055636,6.1645308,1
2024-04-23,12.494523,5.222476,2
2024-04-30,13.534574,5.279069,2
2024-05-08,13.426644,5.288595,2
2024-05-15,13.449023,5.289736,2
2024-05-23,13.448663,5.2908106,2
2024-05-30,13.467759,5.2759686,2
2024-06-06,7.9942966,9.58267,3
2024-06-13,7.9763827,9.575388,3
2024-06-21,7.992206,9.568809,3
2024-06-28,8.006601,9.558551,3
2024-07-05,8.002715,9.566792,3
2024-07-12,8.014065,9.59674,3
2024-07-22,7.9227486,9.515421,3
2024-07-29,7.898654,9.499075,3
2024-08-05,7.875957,9.481297,3
2024-08-12,7.8222494,9.429428,3
2024-08-20,7.8955636,9.507396,3
2024-08-27,7.82675,9.458679,3
2024-09-03,7.8580446,9.479747,3
2024-09-10,7.8668222,9.47414,3
2024-09-17,7.8615036,9.456498,3
2024-09-24,7.8605027,9.439803,3
2024-10-01,7.8628097,9.466174,3
2024-10-09,7.7438607,9.359324,3
2024-10-16,7.6753855,9.290549,3
2024-10-23,7.6400237,9.244982,3
2024-10-30,7.5744004,9.160864,3
2024-11-06,7.5935636,9.186376,3
2024-11-13,7.6124496,9.211415,3
2024-11-22,7.595134,9.189254,3
2024-11-29,9.135081,5.8132253,1
2024-12-06,9.294572,6.4924827,1
2024-12-13,9.255405,6.4880757,1
2024-12-20,7.893077,6.369092,1
2024-12-30,7.7761064,6.3098445,1
2025-01-06,7.727464,6.277289,1
2025-01-13,7.72623,6.279638,1
2025-01-20,7.6192665,5.266575,1
2025-01-27,7.5261846,6.027946,1
2025-02-01,9.238086,6.3721266,1
2025-02-07,9.242908,6.5026565,1
2025-02-14,9.265687,6.5375304,1
2025-02-21,9.220556,6.391701,1
2025-03-03,9.278872,6.5474052,1
2025-03-10,9.296469,6.5769353,1
2025-03-18,9.277786,6.586357,1
2025-03-25,9.250321,6.530146,1
2025-04-02,9.801794,6.188592,1
2025-04-09,9.051809,6.212309,1
2025-04-21,8.6182995,6.0726304,1
2025-04-28,6.2518854,6.254018,1
2025-05-06,9.598683,2.8903906,1
2025-05-13,6.1545925,6.2212067,1
2025-05-20,6.176678,6.244194,1
2025-05-27,6.15036,6.230349,1
2025-06-03,6.1485195,6.2259874,1
2025-06-10,6.1543145,6.2423778,1
2025-06-17,6.148352,6.235412,1
2025-06-24,6.1511245,6.235281,1
2025-07-01,6.1094174,6.259827,1
2025-07-08,6.121416,6.198547,1
2025-07-15,6.121773,6.196402,1
2025-07-22,6.144052,6.2312117,1
2025-07-29,6.1710005,6.182359,1
2025-08-05,8.2088785,3.851646,1
2025-08-12,8.304381,3.8100843,1
2025-08-20,8.3946085,3.7144883,1
2025-08-28,8.644921,3.53154,1
2025-09-04,8.371066,3.5862486,1
2025-09-11,8.08464,3.6428254,1
2025-09-18,7.7195287,4.2191586,1
2025-09-25,8.232268,3.8634748,1
2025-10-03,7.8038454,6.3188033,1
2025-10-10,13.376088,6.3702273,2
2025-10-17,13.483663,6.3179803,2
2025-10-27,13.4151535,6.3857574,2
2025-11-03,14.15355,5.1591077,2
2025-11-11,14.134263,5.174163,2
2025-11-18,14.1867,5.1313663,2
2025-11-25,14.219539,5.141134,2
2025-12-02,15.114809,4.805177,2
2025-12-09,15.216205,4.7274785,2
2025-12-16,15.3509,4.625164,2
2025-12-23,15.375768,4.6118345,2
2025-12-31,15.426943,4.555418,2
